valence,anger,disgust,fear,joy,sadness,surprise,headline
-98,22,2,60,0,64,0,Mortar assault leaves at least 18 dead
87,0,0,0,93,0,38,Goal delight for Sheva
31,18,0,52,66,20,65,Nigeria hostage feared dead is freed
-100,66,39,94,0,86,0,Bombers kill shoppers
-9,0,0,25,26,2,46,"Vegetables, not fruit, slow brain decline"
38,0,0,0,34,0,28,PM: Havana deal a good experiment
66,0,0,0,71,0,41,Kate is marrying Doherty
19,0,0,0,23,0,32,NASA revisiting life on Mars question
75,0,0,0,71,0,3,"Happy birthday, iPod"
49,0,0,0,61,24,0,Alonso would be happy to retire with three titles
43,0,0,0,63,0,0,Madonna's New Tot 'Happy at Home' in London
-21,14,0,20,0,28,16,Nicole Kidman asks dad to help stop husband's drinking
26,0,0,0,63,0,6,United Finds Good Connection in Win
18,0,3,0,22,0,6,'Runway': Making Good Without Making Nice
-8,42,30,25,23,81,45,"We were 'arrogant and stupid' over Iraq, says US diplomat"
-14,9,3,0,15,25,3,Bad reasons to be good
1,0,0,2,9,7,62,Madonna's new baby's daddy didn't realize adoption was `for good'
3,19,19,23,24,26,11,Women in their 60s 'are perfectly good mothers'
12,0,0,0,13,0,0,We're a pretty kind 'bully'
40,0,4,26,52,9,16,Moderate drinking reduces men's heart attack risk
48,0,0,0,60,0,10,Tom Cruise and Katie Holmes set wedding date
8,30,28,50,49,31,37,Kidnapped AP photographer freed in Gaza
-51,34,52,46,6,39,0,"Bush Insists Troops Stay in Iraq, Predicts Midterm Victory"
-1,0,0,34,33,0,37,Hurricane Paul Weakens To Tropical Storm
-57,42,40,39,0,41,16,UK announces immigration restrictions
66,0,0,28,84,13,63,Three found alive from missing Russian ship -report
-35,0,8,23,0,26,0,Poison Pill to Swallow: Hawks Hurting After Loss to Vikes
41,14,11,7,67,21,0,Injured Marathon Winner Leaves Hospital
3,21,14,12,25,0,52,Hacker unlocks Apple music download protection
-68,61,51,65,0,52,21,Spanish journalist seized in Gaza
-10,12,6,0,0,0,16,Sudan urges UN to replace its special envoy
34,0,0,0,45,0,15,Resolution approved for international games
25,0,0,0,43,0,32,Pair of Satellites Will Document Sun in 3-D
-5,5,0,0,3,5,36,Martian Life Could Have Evaded Detection by Viking Landers
65,0,0,0,83,0,0,The sweet tune of an anniversary
-11,11,0,6,0,10,41,Did Viking Probes Miss Life on Mars?
-5,45,44,0,14,18,26,Diplomat acknowledges US arrogance in Iraq
-64,39,22,6,0,68,27,More Human Remains Found at Ground Zero
-35,31,39,67,0,33,0,How to Prevent Iraq From Getting Even Worse
-37,25,0,32,0,32,7,Tensions as Hungary marks uprising
-27,0,13,23,0,9,3,Stanford study warns of Internet addiction
-12,0,0,0,0,16,10,No evidence of ice reserves on the moon
0,0,0,0,0,0,0,A Picture and A Thousand Words
-44,6,6,33,6,88,0,Parachutist dies at bridge-jump festival
-79,46,39,41,0,77,0,US Troops Killed In October In Iraq
-22,15,0,5,0,21,0,"Chefs not counting calories, study finds"
-52,34,0,48,0,71,0,Deaths linked to flu vaccine
0,0,0,5,34,16,6,Perfect lives lose their focus
-48,1,5,55,0,42,23,Bread-Heavy Diet Linked to Kidney Cancer
7,0,0,8,32,28,0,Beating poverty in a small way
-44,39,31,4,0,33,0,Israel insists on Lebanon overflights
-11,7,8,7,0,4,0,Britain to restrict immigrants from new EU members
-10,3,0,0,0,0,16,Confusion Reigns In the Expanding Digital World
59,0,0,0,70,0,6,Game on! London exhibition celebrates the history of video games
39,0,0,10,63,16,0,Making peace from victory over poverty
-58,24,0,44,0,50,0,Marine killed in fighting west of Baghdad
18,0,0,0,17,0,17,Scientists create first cloaking device
15,0,0,0,12,0,9,Amateur rocket scientists reach for space
-18,6,0,6,0,6,19,Confusion Reigns In the Expanding Digital World
-61,37,9,57,0,66,21,Deaths linked to flu vaccine
-68,54,47,6,0,59,16,Israel admits using phosphorous shells in Lebanon
-66,39,0,56,0,57,0,4th person dies after receiving flu shot
-75,45,38,75,0,53,0,Police and shoppers targeted in growing Iraq violence
16,0,0,3,21,0,47,Scientists discover miracle in the depths
-12,0,0,0,9,16,12,Doctors Seeing Patients Who Think They're Internet Addicted
27,0,0,0,30,0,6,China launches two satellites into orbit
22,0,0,5,24,0,25,Vegetables May Boost Brain Power in Older Adults
-43,0,0,68,0,23,6,Hurricane Paul nears Category 3 status
-68,5,0,60,0,71,0,"Russian ship sinks, 18-member crew missing"
-1,0,1,0,2,0,13,Iran's president urges higher birth rate
20,0,0,0,26,0,6,Apple set for massive market gains
-1,0,0,9,14,24,6,Tumor Types May Explain Survival Rates for Cancer
-18,3,0,16,0,26,20,Routine mission turns into hunt for missing comrade
-36,6,16,2,0,42,0,Bad weather slows S.Korean search for Russian ship
18,8,0,0,54,21,0,Tailors and housewives busy as Muslims celebrate Eid
76,0,0,0,87,0,0,Active peace brings the promise of development
-90,70,74,70,0,51,0,Abbas condemns Israeli massacre in northern Gaza Strip
-69,24,0,16,0,85,0,"Bangladesh ferry sinks, 15 dead"
16,0,0,0,20,0,17,Bucs find a new kick in life
7,0,0,0,10,0,16,Google to unveil election mashup
-71,52,64,50,0,43,0,Police warn of child exploitation online
-27,0,0,31,0,12,0,Breast Cancer Awareness is Important
-42,18,0,16,3,27,0,Hungary police tackle violent protestors
30,0,0,0,44,0,0,Three drivers had reason to be proud in Brazil
-6,25,0,0,27,27,0,Celebrities Protest Malibu Gas Facility
0,0,0,0,0,0,0,Lebo: A life lived on the edge
25,0,0,0,30,0,34,"Presto! He's Batman, then magic man"
-50,0,0,44,0,17,35,"Heavy use of mobile phones can make men infertile, scientists say"
-58,9,0,23,0,66,12,Russian ship sinks in Pacific
74,0,0,0,91,0,0,China Successfully Launches Two Satellites
30,0,0,0,31,0,0,Prestige has magic touch
-57,43,40,10,0,50,0,"Lies, damned lies, and divorce"
31,0,0,0,44,0,0,Manning inspires Giants to victory in Dallas
-64,46,27,31,0,53,4,Riot warning for France suburbs
74,0,0,0,89,0,13,Full recovery expected for marathon winner
-16,6,0,0,0,29,0,Sony apologises for global battery recall
-9,1,0,5,0,5,0,Questions on credit card safety
-12,34,2,18,18,17,0,Budapest calm after night of violent protests
28,0,0,9,38,0,6,Vegetables May Boost Brain Power in Older Adults
-6,25,24,6,21,13,13,Report criticises US press freedoms
-63,6,0,50,0,22,0,French suburb riots could resume
-22,47,55,0,21,33,3,Photographer kidnapping condemned
-65,55,56,40,0,54,24,Photographer kidnapped in Gaza
31,0,0,0,67,0,15,Baseball: Rogers enjoys his muddied streak
39,0,0,0,62,0,16,"Cultural revolutionary, the iPod is five"
-18,0,2,0,11,3,29,Life on Mars? Maybe We Missed It
42,0,0,5,75,14,57,Three found alive from missing Russian ship -report
13,0,0,29,38,0,0,Moderate drinking reduces men's heart attack risk
71,0,0,0,86,0,0,The sweet tune of an anniversary
-13,12,3,5,0,8,3,Inconvenient truths
-2,4,0,0,0,0,8,Dating difficult for Harry Potter
-19,0,0,0,0,25,0,Students lose their rite of passage
-3,10,7,0,0,10,3,Putin vows to tackle illegal immigration
-58,0,0,66,0,10,0,Ottawa must redefine 'terror'
-23,5,10,22,0,10,0,"Britain to Limit Workers from Romania, Bulgaria"
-23,28,30,0,27,44,0,Top General Optimistic on Iraq
12,8,8,0,36,3,0,Kim Osorio Wins Sexual Harrassment Suit Against The Source
0,0,1,0,2,0,0,Silly and substantial
-6,24,22,0,34,25,0,Official laughs for Borat
-15,9,18,0,0,14,0,Speaker Hastert testifies before panel probing sex scandal
0,0,0,0,0,0,0,On Educating Sexes Separately
46,0,0,0,56,0,17,Tom Cruise and Katie Holmes set wedding date
-3,4,0,2,0,4,24,Martian Life Could Have Evaded Detection by Viking Landers
-57,21,20,84,0,25,0,Ukraine gas deal marred by fears
-21,5,0,0,38,38,0,Marathon victory comes at heavy cost
-42,54,31,3,0,40,3,College tuition continues climbing
-63,43,66,17,0,37,0,German paper shows soldiers desecrating skull
-38,52,33,57,12,40,0,"War is close, Ethiopia tells Somali rebels"
2,0,0,0,4,0,0,Advantage Cardinals with Suppan in Game 4
27,0,0,0,29,0,26,NASA spacecraft to measure Sun
-19,34,8,0,0,0,22,"Sony Hates Europeans, Will Prevent The Importing of PS3"
37,0,0,6,45,0,0,Flu Vaccine Appears Safe for Young Children
16,0,0,0,21,0,6,Google To Launch Yet Another Search Tool
-46,16,0,32,0,57,0,Tropical Storm Paul's Outer Bands Hit Mexico's Baja California
-68,54,48,67,0,39,0,Israeli Bomblets Plague Lebanon
-59,54,43,43,0,43,15,"New Indonesia Calamity, a Mud Bath, Is Man-Made"
-52,61,32,23,0,44,0,U.S. Weighs Sanctions Against North Korea
-41,37,33,26,0,33,0,"Rice, in Baghdad, Insists That Iraqis Are"
27,0,0,0,30,33,33,Senator Says U.S. Should Rethink Iraq Strategy
33,0,0,0,33,0,15,German Chief Forges Accord on Financing Health Care
6,49,11,45,8,35,0,Turkish Writers Say Efforts to Stifle Speech May Backfire
-79,52,42,75,0,59,0,Kurdish Lawmaker Killed in an Attack in Baghdad
-71,63,45,58,0,54,0,Anti-U.S. Attack Videos Spread on the Internet
-70,51,62,57,0,58,17,"Women Face Greatest Threat of Violence at Home, Study Finds"
5,0,0,0,8,0,1,Appeal by Chinese Researcher for Times May Soon Be Heard
-60,15,0,43,0,68,11,Brazil Air Force Cites Faults and Confusion in Fatal Crash
-32,29,29,33,0,33,0,A Mix of Oil and Environmentalism
27,18,0,0,50,28,0,Immigrants and French Reach Deal in Standoff
0,20,0,0,15,0,20,Genghis Khan Beer? Mongolia Grimaces
-6,0,0,0,20,14,27,Dead Bachelors in Remote China Still Find Wives
0,0,0,0,0,0,0,"Managua Journal: Hold the Mojito and Margarita, Nicaragua Has el Macu"
36,0,4,0,40,2,21,Paris Journal: Smoking No Longer Tres Chic in France
6,0,0,25,8,0,39,An Old Letter Casts Doubts on Iran's Goal for Uranium
-29,23,0,47,0,39,0,U.S. Warns North Koreans About Nuclear Test
-64,0,0,11,4,71,0,Global Sludge Ends in Tragedy for Ivory Coast
-56,49,33,46,0,67,38,Equipment on Plane in Brazil Collision May Have Been Faulty
-56,59,41,6,0,62,13,"New Indonesia Calamity, a Mud Bath, Is Man-Made"
-63,7,0,47,0,28,13,Iraqi Journalists Add Laws to List of Dangers
-2,0,0,32,24,32,0,U.N. Force Is Treading Lightly on Lebanese Soil
-39,33,33,33,0,38,9,Cleric Said to Lose Reins Over Part of Iraqi Militia
34,0,0,0,33,0,36,"Citing Spy Agencies' Study, Democrats Seek Iraq Changes"
-10,3,0,0,0,28,0,Opera Canceled Over a Depiction of Muhammad
10,25,2,7,30,0,26,Military Officials Add to U.S. Criticism of Iraq's Government
-46,13,2,38,0,36,0,Teacher in Hiding After Attack on Islam Stirs Threats
-45,34,17,49,0,0,21,Combative Bush Releases Parts of Terror Study
-67,39,37,56,0,35,6,Growing Unarmed Battalion in Qaeda Army Is Using Internet to Get the Message Out
-44,32,33,41,0,31,0,"Iraqi Linked to Sunni Bloc Is Held in Plot, Military Says"
-25,26,30,0,4,28,0,"Seduced by Snacks? No, Not You"
71,0,0,0,87,0,16,Friends for Life: An Emerging Biology of Emotional Healing
-85,33,0,16,0,91,47,"Alzheimer's Drugs Offer No Help, Study Finds"
-48,10,9,19,0,43,0,"Across Europe, Worries on Islam Spread to Center"
36,0,0,0,49,0,0,Cooking Defines Sephardic Jews at Sukkot
44,0,0,0,64,0,0,"Fitness: Bodies in Motion, Clean and Sober"
13,0,0,0,10,0,10,In God's Name: Religion-Based Tax Breaks: Housing to Paychecks to Books
-78,0,0,9,0,93,0,"Yankee Dies in Plane Crash, Official Says"
-25,11,0,0,14,31,0,An Elephant Crackup?
58,0,0,0,72,0,42,"With YouTube, Grad Student Hits Jackpot Again"
65,0,0,0,67,0,51,Dow flirts with record highs again
-66,0,0,86,0,10,0,Tropical Storm Isaac forms in Atlantic
-92,37,35,95,0,37,0,New Iraq terror tape calls for abducting foreigners
-31,0,4,0,0,40,6,'Deep regret' for ex-HP exec
13,0,0,0,13,0,3,'Opportunity' knocks on geologist's dream crater
-71,28,4,61,0,28,62,Squirrel jumps boy in park; rabies suspected
-78,39,39,62,12,66,9,Girl left comatose after dental visit dies
-28,31,36,0,28,33,20,Porn star candidate campaigns on campus
-1,0,0,0,0,5,5,School ends football season after 0-4 start
47,3,3,0,54,0,10,Charlie Sheen to become highest-paid sitcom star
-29,13,13,0,0,5,21,Jon Stewart mocks benefits of CNN's I
6,0,0,0,8,0,11,Ashton Kutcher tells secret to Ryan Seacrest
-5,4,20,0,3,0,10,Nails-on-chalkboard study earns Ig
-26,6,6,6,0,22,10,Gunman 'fine' before shooting
44,0,2,0,25,0,47,Marijuana may stave off Alzheimer's
23,4,4,17,32,0,25,Kentucky seeks alcohol huffing ban
-87,59,26,27,0,89,22,Toddler died from tainted spinach
-9,6,6,0,3,0,13,Judge dismisses Karr's porn case
-45,50,38,62,0,54,0,10 die in 22-hour Kashmir standoff
-54,22,7,35,0,76,0,Slain Amish girls laid to rest
-50,30,0,85,0,37,0,"5,000 flee plant fire"
27,0,0,0,45,0,21,Cher auction fetches double pre-sale estimates
-19,15,16,0,0,0,0,Stars scuffle on 'Grey's Anatomy'
4,2,0,14,8,55,0,Probe under way in Yankee crash
-56,29,27,37,0,73,2,Amish schoolhouse torn down
-17,0,0,0,0,33,3,Warner will not run in '08
-8,2,0,0,0,3,5,Reid land deal under scrutiny
-48,0,0,36,0,39,10,"Flooding washes out road to Valdez, Alaska"
-26,23,21,28,0,33,0,Briton admits U.S. bomb plot role
-3,7,0,0,2,0,0,Commentary: Minutemen have a right to be idiotic
25,0,0,0,30,0,16,Madonna files adoption papers
-47,28,31,69,0,58,0,Gunmen kill 9 at Iraqi TV station
-31,4,7,0,0,27,3,Hastert sorry for scandal but not quitting
-2,5,5,0,4,0,0,Ex-JonBenet suspect: Child porn case dropped
-59,26,6,30,6,66,0,"Waste plant fire forces 5,000 to evacuate"
-73,25,26,8,0,83,0,Toddler died from E. coli tainted spinach
-76,50,59,4,0,42,0,Disturbing finds in child sex raids
-44,40,27,0,0,33,14,Magazine lists women who had abortions
6,0,0,4,10,0,66,"Pot smokers may avoid Alzheimer's, study says"
-36,7,29,13,0,33,19,Student starts white men's club on campus
13,0,0,8,5,0,16,Kentucky wants to ban alcohol inhalers
23,0,0,0,25,0,26,Peter Pan flies into chapter two
10,0,20,0,41,0,17,Teen repellent inventor wins infamous prize
15,0,0,0,17,0,2,"Cher's dress, car, bed have new owners"
40,0,0,0,49,0,0,"Dow hits new record, eyes 12,000"
0,0,0,0,0,0,2,Ex-Virginia gov not running for president
9,0,0,0,0,0,9,Yankee pitcher's pilot log found
-15,15,10,0,6,13,11,Dem leader's $1 million land deal under scrutiny
-39,4,23,0,0,28,0,"Dad locked up son, watched on TV, police say"
-12,3,0,0,6,13,5,Navarrette: Minutemen have a right to be idiotic
-75,4,33,26,0,37,0,"Pit bulls jump miniature pony, leave her bloody"
-66,3,0,56,0,43,0,Alaska town cut off from rest of state by flood
23,0,0,0,29,0,6,Trailblazing trio protects City by the Bay
43,0,0,0,44,0,17,Madonna files adoption papers in Malawi
-54,0,0,24,0,49,20,'Dr. McDreamy' choked in 'Grey's' scuffle
78,0,0,0,86,0,11,"$10,000 poetry prize awarded"
72,0,0,0,77,0,36,Las Vegas honour for tiger pair
64,0,0,0,67,0,39,UK characters boosting box office
21,0,0,0,18,0,2,Cher items snapped up at auction
-24,12,35,0,4,3,0,Griffiths scorns Withnail 'play'
84,0,0,0,93,0,17,Lily Allen wins web music award
-32,55,0,0,0,15,3,Costner appeals in casino wrangle
-7,10,0,0,0,0,2,Beyonce copyright claim rejected
-18,13,0,10,27,21,0,Cohn gunman jailed for 36 years
52,0,0,0,54,0,6,Melua's deep sea gig sets record
-72,21,0,26,0,75,0,Sri Lanka clashes kill 129 troops
-68,50,33,43,0,76,0,Gunmen kill 11 in Iraq TV raid
0,0,0,0,0,0,45,Italy drops Sicily bridge plans
-41,33,33,42,0,44,33,Amish killings school demolished
85,0,0,0,89,0,10,Pamuk wins Nobel Literature prize
48,0,0,0,48,0,29,Madonna adoption bid approved
-55,33,43,61,0,33,0,Man admits UK-US terror bomb plot
-22,0,16,0,0,12,0,Who are you calling fat?
32,0,0,15,38,9,11,Test to predict breast cancer relapse is approved
-48,24,26,16,13,38,5,"Two Hussein allies are hanged, Iraqi official says"
26,0,0,0,17,0,4,Sights and sounds from CES
40,0,0,0,46,0,31,Schuey sees Ferrari unveil new car
-6,1,0,23,8,11,8,Closings and cancellations top advice on flu outbreak
-67,8,0,28,0,57,7,Trucks swallowed in subway collapse
14,0,0,0,0,0,53,Sarkozy letter surprises French cartoons hearing
-9,10,0,9,22,36,3,"Building a memorial to a son, one child at a time"
-15,11,0,0,0,4,38,Lawmaker seeks iPod ban in crosswalks in New York
-32,34,11,0,0,40,13,Diabetic waits months for eyeglasses
-34,18,0,0,0,15,59,Sudan tells United Nations envoy to leave in 72 hours
61,0,0,0,53,0,65,5000 years on but couple still hugging
-6,4,5,0,0,0,19,Defense to challenge Russert's credibility
34,0,0,0,37,0,4,"Ozzy, a Hero for the hard-rocking masses"
-23,9,17,2,0,4,33,CIA leak trial summary
63,0,0,0,56,0,37,Dance movie takes over No. 1
14,0,0,0,17,0,19,Asian nations urge Myanmar reform
38,8,0,8,53,13,25,"After Iraq trip, Clinton proposes war limits"
-86,14,2,47,0,86,10,7 dead in apartment building fire
18,0,14,0,6,0,75,Male sweat boosts women's hormone levels
-2,2,2,0,0,0,10,Carphone Warehouse's mixed signals
-2,19,1,1,19,9,21,Democrats plot Bush troop increase censure
-46,51,7,0,0,3,27,Cisco sues Apple over iPhone name
-10,7,8,0,0,0,2,BB star Jackson denies Goody comments
50,2,0,0,50,0,9,Inter Milan set Serie A win record
23,0,10,0,18,2,26,US Airways boosts bid for Delta
55,0,0,0,60,3,16,Press sees hope in Mecca talks
-13,2,13,0,2,17,33,Bears fan loses bet and changes name
13,46,64,0,42,31,27,Global National	Major child porn ring bust
27,0,0,0,2,0,36,'Human hair' clue in hunt for airliner
36,0,0,0,40,8,17,Johnny Depp to make movie of spy poisoning
2,0,8,0,5,0,49,Really?: The claim: the pill can make you put on weight
38,0,0,0,31,0,8,5 money makeovers
-29,25,32,45,11,28,43,TBS to pay $2M fine for ad campaign bomb scare
62,0,0,0,68,0,13,"""Stomp the Yard"" has winning moves in its weekend debut"
45,0,0,3,55,0,56,"Discovered boys bring shock, joy"
-46,11,0,0,0,40,22,Bernhard set to leave Volkswagen
-44,14,10,24,2,3,21,Pacers' Jackson misses gun hearing
27,0,0,0,15,0,12,Cases: when the simple solution is the right one
-32,40,8,0,7,26,36,Two Muslim groups sue French newspaper International
60,0,0,0,63,0,0,Golden Globes on their way
-18,11,0,5,6,1,18,"At New OZZFEST, Freedom Ain't Free"
4,0,0,0,4,8,4,Federer handed tough Aussie draw
29,24,0,3,48,6,18,Protesters end strike as Nepal PM concedes demands
-33,17,0,30,2,0,16,"Turner pays for Boston ""bombing"""
-30,4,61,30,8,14,5,Two detained in body parts mailing
3,8,0,6,10,20,17,Essay: about that mean streak of yours: psychiatry can do only so much
-39,18,19,17,0,53,12,Hussein's niece pleads for father's life
-44,30,13,8,0,2,9,Sarkozy heads for clash in cartoons row
-64,55,54,0,0,36,13,Global web of suspects in child-rape download
29,4,0,0,33,1,2,Blake defeats Moya to retain title
-83,3,9,82,0,60,0,"Storms kill, knock out power, cancel flights"
-44,1,0,0,7,67,12,Aquarium puts ailing beluga whale to sleep
-28,0,0,6,0,21,26,"Microsoft, Sony, we have a problem"
-43,15,5,46,0,8,0,A police state? The issues
-10,17,0,0,13,11,20,Move to ban iPods from crossing the street
67,0,0,0,65,0,23,India's Taj Mahal gets facelift
-56,47,4,26,0,21,6,Cheney to Congress: Can't run Iraq war by committee
6,4,4,6,31,5,12,Ganguly handed India squad call-up
42,0,0,0,36,0,24,Fortune: Looking beyond the iPhone
31,0,0,6,23,0,44,Really?: The claim: the back seat of a car is the safest place to sit
-34,17,8,11,13,7,5,Vaccine mandate upsets legislators
-24,17,7,28,2,1,2,News analysis: Iranian boast is put to test
-42,20,15,48,0,45,0,Panel issues bleak report on climate change
51,0,0,0,44,0,25,Virtual 'American Idol' hits right notes
-98,32,27,84,0,95,20,"Iraq car bombings kill 22 People, wound more than 60"
62,0,0,0,60,0,19,'Stomp' steps to No. 1 at box office
50,0,0,0,50,0,29,Google executive acts as goodwill envoy
-82,32,15,77,0,50,9,Filipino woman kidnapped in Nigeria
31,0,0,8,32,0,5,"Seahawks, Bears vie for shot at NFL title"
-43,6,17,0,0,41,23,Brown not buried as estate issues loom
32,0,0,0,32,0,35,Will Rob Cohen Direct Third 'Mummy'?
26,8,0,5,34,3,12,EU will urge China to go green
16,0,0,0,0,0,14,17th-Century Remedy; 21st-Century Potency
-18,13,0,33,20,23,16,Forecasters expect toasty 2007
81,0,0,0,75,0,10,'Sunshine' Goydos wins Sony open
-88,52,87,18,0,23,25,Teacher charged with sex assault
-2,9,0,19,21,14,16,Merck: Gardasil may fight more strains
-52,15,10,49,0,41,12,"Mountain glaciers melting faster, United Nations says"
-45,6,0,17,0,22,13,Snow causes airport closures in Britain
62,0,0,0,63,0,24,Bananaconda inventor is top poet of kids
-52,49,0,0,0,14,15,Shareholders sue Apple
-69,48,13,53,0,40,0,Israelis retaliate after attack by Lebanese Army
-72,2,1,70,0,36,24,Deadly bird flu confirmed in British Turkeys
-51,0,12,7,0,21,57,Too little sleep may mean too fat kids
-90,2,0,32,0,93,46,Bathing mom awakes to find baby dead
54,0,0,0,43,0,40,Visitors to Eiffel Tower climb to record in 2006
61,0,0,0,47,0,56,"More sleep, healthier slimmer children"
21,2,0,11,30,2,16,Queen battles Bond for Baftas
-44,23,25,0,0,28,12,"Walters on Trump: 'Poor, pathetic man'"
-67,7,10,75,0,29,2,"Ice storm smacks roads, power"
-81,52,13,67,0,22,22,Iran says it will strike US interests if Attacked
43,0,0,0,41,2,26,Palestinian factions to resume talks
35,0,2,0,8,0,73,Study: men's sweat triggers high sexual arousal in women
-66,37,2,56,0,11,6,Outcry at N Korea 'nuclear test'
-45,27,15,75,17,22,22,Russia plans major military build-up
52,0,0,0,43,16,79,Archaeologists find remains of couple locked in a hug
44,0,0,0,45,0,8,Stenson defends his title at Dubai
-10,0,0,9,0,3,2,Taking the plunge
12,0,0,0,14,0,2,Updates on world's top stories
52,0,0,0,18,0,87,Man rides stationary bike for 85 hours
-58,14,2,51,0,25,23,Ice storm coating Midwest
-25,15,15,0,0,0,15,A Mistrial for Lieut. Watada
-74,58,13,59,0,23,10,Iran warns will hit back at US if attacked
18,0,0,0,11,4,0,ASEAN talks end on energy-security
-89,27,17,33,0,96,22,"Iraqi death toll exceeded 34,000 in 2006, United Nations says"
-80,29,15,60,0,40,8,Israel intensifies military flights over Lebanon
70,0,0,0,43,0,27,New gadgets galore at tech show
-76,0,0,17,0,79,6,Another death at Georgia Aquarium
-64,42,14,54,0,33,0,US to urge Nato Afghan spring offensive
-76,44,8,78,0,38,8,UK letter bombs may be from extremist drivers
-17,17,0,14,13,0,22,Asia seeks breakthrough on North Korea
39,0,0,0,47,2,5,Federer overcomes a ragged start
-36,21,17,4,5,17,4,Rowdy fans ejected from the Open
13,28,0,3,36,0,26,Terai protesters hail 'historic' victory over government
-68,70,25,18,0,22,10,Anger at release of two held over beheading plot
-67,58,16,20,0,35,0,Bush adamant on troops to Iraq
35,5,0,0,43,0,24,Bebe Neuwirth gets to 'wiggle again'
39,0,0,0,20,0,16,Beckham to L.A.: For the game not fame
31,0,2,12,8,0,26,Sleep more to fight childhood obesity
-32,26,9,11,2,31,18,Abbas rejects temporary state
-56,54,73,8,4,39,17,Investigation of child porn site hits 77 nations
27,0,0,3,23,2,26,Sleuths close in on Odysseus home
41,0,2,8,13,4,19,Variety: Johnny Depp to make movie of spy poisoning
-62,23,4,46,0,44,14,Ice storm cripples central U.S.
36,0,0,0,43,0,9,Park stars as United maintain lead
67,5,0,0,62,16,72,Prehistoric Romeo and Juliet discovered
59,0,0,0,50,0,26,India's famous landmark gets facelift
35,0,0,0,33,0,1,Joseph Wambaugh's new start
-83,1,0,3,0,94,30,Participant in water-drinking contest dies
47,0,0,7,37,11,38,Apple drops bombshell with iPhone
76,0,0,0,71,1,24,Bollywood's 'Brangelina' engaged
-3,34,16,44,27,30,17,"Shiite fighters arrested in crackdown, Iraq says"
-22,16,14,2,2,26,4,"Rio De Janeiro journal: drawing lines across the sand, between classes"
19,0,0,7,11,6,24,Models' health guidelines -- will they help?
31,0,0,0,33,1,17,Stepping back in time at ski resort
-57,32,14,22,8,37,8,Test cricketer jailed over killing
34,0,4,1,37,11,35,Walnuts 'combat unhealthy fats'
-11,0,0,0,1,13,22,Apple to Vista upgraders: 'Wait'
-53,7,4,2,0,50,8,Injured Sarwan to miss one-dayers
-71,17,9,71,0,16,16,Firms on alert for letter bombs
-17,3,0,5,6,11,16,Studios sign off on movie downloads
35,0,0,0,43,0,12,Asif returns with four-wicket haul
-63,47,33,19,0,38,17,"Bush authorized Iranians' arrest in Iraq, Rice says"
-81,46,60,6,0,43,20,Porn ring scandal reaches Australia
-68,16,8,17,0,58,19,Deputy health minister arrested in US-Iraqi raid
-63,6,0,33,0,25,51,Senator Carl Krueger thinks iPods can kill you
26,3,0,17,42,12,4,"Finally, Senate okays anti-terror bill Manila"
-60,10,0,80,0,29,31,Somalia declares state of emergency
64,0,0,0,72,0,3,Matt shines with his Alpine finish
-29,6,3,0,13,37,7,BP CEO Browne to step down in June
2,0,3,0,13,0,33,An iPhone by any other name? Surely not
-72,17,13,53,0,70,0,Life in Gaza steadily worsens
30,5,3,26,18,17,36,The energy challenge | Exotic visions: how to cool a planet (maybe)
38,0,0,0,45,0,31,"Easy ways to (really) save $400,000"
-51,32,6,0,0,20,10,Shareholders sue Apple
-30,1,0,42,1,10,27,Findings: Can humanity survive? Want to bet on it?
-81,28,10,79,0,27,23,Iran steps up production of weapons-grade uranium
-27,0,0,37,10,19,11,Rig-threat cargo ship towed ashore
-44,32,2,26,0,46,8,Palestinians say clashes hurt their cause
19,0,7,0,8,0,62,Male sweat can raise hormones
-45,5,0,26,0,34,55,Vital Signs: Hazards: Antidepressant linked to fractures in older people
-31,31,25,8,13,45,8,Peron held over '70s rights abuses
19,0,0,0,18,0,33,Space life search turns to TV
-41,16,15,25,15,45,27,"Super Bowl ads of cartoonish violence, perhaps reflecting toll of war"
-22,7,23,9,14,15,24,YouTube told to drop celeb sex video
34,0,0,0,38,0,0,Beckham & Posh and more athlete-celebrity couples
14,4,0,55,24,17,3,City sets up ice storm shelters
-10,0,0,16,0,19,1,Libby prosecutors await judge's rulings
-18,0,3,0,0,17,4,Review: 'Alpha Dog' misses the point
-57,60,17,0,0,37,7,Republicans plan to block Iraq debate
-17,10,2,6,0,2,24,Mixed reaction to China's Africa push
9,0,0,8,21,11,6,Snowed in the Canadian Rockies
21,0,12,0,12,0,69,"Skip the showers: male sweat turns women on, study says"
31,0,0,1,44,8,15,Gently Weeps' lyrics sheet up for sale
60,0,0,0,70,0,7,Canete wins inaugural Joburg Open
31,25,5,36,46,22,11,Rights group halts violent Nepal strikes
-49,4,0,7,0,47,13,Real suffer Carlos injury setback
-43,0,0,21,0,43,21,Astronaut may have buckled under stress
-79,32,15,58,0,51,16,Gunmen abduct Filipino woman in Nigeria
54,0,0,0,50,0,21,NFL team's fan of the year: 'Flag Lady'
-23,11,0,3,0,11,22,No 10 rejects police state claim
44,0,0,0,39,0,14,Malaysian AirAsia X to fly in July
-78,19,7,69,0,46,8,10 kidnapped at Nigeria oil base
28,0,6,0,29,0,69,Guy sweat is babe magnet
75,0,0,0,82,0,32,Township tourism booming in South Africa
-23,0,3,0,0,17,18,'Alpha Dog' misses the point
8,3,1,13,20,14,26,Iran leader pays Nicaragua a visit
37,0,0,0,38,0,6,"'Grey's,' 'Pirates' lead People's Choice"
-84,9,0,87,0,17,0,Terror network
-81,27,39,23,2,62,19,Now it's official: Iraq's a mess
-65,3,5,28,3,63,11,Snow brings travel misery to England
-48,7,1,16,0,33,46,James Brown's 5-year-old son left out of will
-93,6,5,41,0,79,20,Two men killed by London tube train
-67,18,18,23,6,43,13,US millions fail to buy influence in deadly Gaza power play
47,0,0,8,37,0,12,PLO ministers agreed upon in Mecca
-53,13,35,26,0,49,13,Squadron apologies over 'friendly-fire' death
-78,23,0,75,0,32,8,New Orleans violence sparks tourism fears
-48,3,7,32,0,14,26,Friendly fire pilot 'experienced'
22,0,0,5,4,0,62,SPACE.com: Black hole triplets spotted
0,0,0,5,1,1,6,Vaccines: Mandate or choice?
-77,55,17,46,0,43,0,"Congolese soldiers riot, loot over pay issue"
60,0,0,0,64,0,16,Commodities lead Europe higher
36,0,12,0,17,0,54,Ingredient in male sweat raises women's hormone levels
60,0,0,0,56,0,6,Goetschl ends Austrian win drought
-26,0,0,43,19,16,0,Doomsday Clock ticking away
-77,22,0,88,0,27,0,Troops massing around Somali town
-3,0,0,2,0,2,32,Tariq Ramadan has an identity issue
-75,52,7,50,0,27,9,Peretz orders IDF to respond with force to north border attacks
-89,2,0,62,0,90,10,Trains crash near Thai resort town
32,2,0,4,37,6,25,"Hamas, Fatah return to unity gov't talks in Mecca"
32,0,0,0,35,5,6,Pats' fourth-quarter rally finishes Chargers
-93,12,4,41,0,94,4,7 Die As US Helicopter Crashes in Iraq
-82,0,0,0,2,75,14,Millionaire secret Santa dies
58,0,0,2,61,0,10,Morrissey may cheer up Eurovision
31,0,0,0,27,0,13,Christian values guide Dungy and the Colts
-75,71,29,13,0,13,2,Israeli woman's tirade spurs PM outrage
-17,4,0,4,0,3,0,Passing exchange becomes political flashpoint
-58,0,2,48,0,50,6,Police probe 2 church fires half mile apart
-62,64,7,2,8,38,10,Italy to try US soldier for agent's Iraq death
31,0,0,10,35,10,19,Depp to star in spy poisoning film
39,0,0,0,40,0,3,'24's' Jack Bauer returns
28,0,0,0,5,5,40,US Airways boosts bid for Delta
-52,28,17,33,0,22,15,"Even before its release, world climate report is criticized as too optimistic"
-86,19,38,27,0,54,5,"Second hanging also went awry, Iraq tape shows"
38,0,0,0,47,0,8,Howell takes one shot lead in Sony Open
-28,2,0,17,2,44,31,Psych checks reviewed after astronaut's crack-up
-29,3,0,35,12,36,45,"Pap Test, a mainstay against cervical cancer, may be fading"
31,4,0,0,29,1,6,Martins leads Newcastle fightback
38,0,1,0,44,0,12,PS3 pricey but impressive
34,4,1,3,49,3,4,Pluto's revenge: 'Word of the Year' award
5,0,0,0,2,0,0,European Space Agency
-71,38,23,36,0,18,22,Hackers strike at key Internet servers
-70,13,19,23,5,62,2,Hussein co-defendants executed
-87,35,15,76,0,33,5,Memo from Frankfurt: Germany relives 1970s terror as 2 seek release from jail
63,0,0,0,63,0,0,Blissing out in Ojai
-48,0,0,8,0,33,15,"Houston, she's got some problems"
84,0,0,0,82,0,18,Amazon.com has 'best ever' sales
-78,53,26,36,0,16,19,Hackers attack root servers
48,0,0,1,42,0,51,Video games can improve your vision
-45,11,17,35,0,7,54,Internet attacked! (Did anyone notice?)
32,0,1,0,25,0,29,"In Washington, contractors take on biggest role ever"
-88,5,1,77,0,79,3,Floods force Malaysia evacuations
8,0,20,4,12,1,25,"On MySpace, girls seek friends, boys flirt"
-23,11,2,48,7,39,31,Tests of drug to block H.I.V. infection are halted over safety
-6,0,0,17,10,26,26,Zoo polar bear to have root canal
63,0,0,0,55,0,12,Europe take big Royal Trophy lead
1,1,4,8,23,12,17,Israel to install cameras to show live Mughrabi footage
-36,2,0,10,0,32,0,'We lit our last candle yesterday'
22,0,0,0,13,0,43,Google buys YouTube for $1.65bn
38,0,0,0,32,0,15,PSP number one Sony platform in Japan
20,0,0,0,21,0,1,England include Giles in WC squad
-43,0,7,0,0,29,18,Beckham 'won't play again for Real'
-57,38,23,29,35,43,3,Eight years for Damilola killers
-86,14,10,51,0,77,4,PC World editor slain at California home
-27,12,7,36,17,20,10,Hands on 'Doomsday Clock' move forward
-29,0,0,3,0,32,8,Zach Braff says he has 'mild depression'
-82,46,58,28,0,47,32,Investigation of child porn site hits 77 nations USA Today
-49,18,0,48,17,45,6,Science panel calls global warming unequivocal
73,0,0,3,70,2,29,News Baby pandas! Baby pandas! Baby pandas!
64,0,0,0,59,0,0,Get ready for the earnings
-63,9,0,17,0,51,2,Germany agonizes over a brain drain
24,3,2,17,22,10,12,Iran and Nicaraguan leaders meet
4,0,0,2,3,0,43,Secret hotels in Irish countryside
36,0,0,0,19,0,3,Fine wines in British Columbia
60,2,0,10,54,4,3,Philippine president welcomes Senate approval of anti-terror bill
-92,1,0,52,0,94,3,"Small jet crashes on takeoff, killing 2"
-86,4,54,56,0,9,8,"Bigger, more aggressive rats infesting UK"
65,0,0,0,57,0,0,Travel+Leisure: Next island hot spot: St. Lucia
31,0,0,0,32,0,0,Real Mallorca rock leaders Sevilla
-43,8,5,62,0,3,18,Iran's boast on uranium enrichment is put to test
-50,0,2,47,0,21,27,"Personal health: for teenagers, the car is the danger zone"
63,0,0,0,49,0,37,Bird watchers flock to see rare owl
-71,2,0,4,1,59,8,Eye on cosmos is lost to short circuit on hubble
-82,19,0,39,0,80,22,Too young for this: facing cancer under 40
29,0,0,2,29,0,6,Unilever group names new chairman
-22,31,5,6,0,7,0,Minister slams airlines on carbon
42,2,3,5,52,29,4,Rare optimism as North Korea talks reach crossroads
-88,4,23,47,0,88,9,Man beheaded in southern Thailand
-64,0,0,65,0,0,16,China's 'nightmare scenario'
0,0,0,10,2,0,17,Annual diving contest in South Korea proves a chilly challenge
-54,3,5,1,10,47,0,Blair says he regrets delays in British soldier's inquest
-55,38,3,39,31,2,7,Iraqi forces detain official suspected in Shia conspiracy
56,2,2,2,49,0,13,Wellcome awards anti-fat research
9,1,1,8,13,6,5,Fingers crossed for North Korea
29,4,3,9,30,1,7,"No intention of war with Iran, US says"
-40,10,13,20,0,10,2,What Newsom faces in aftermath of scandal
35,0,0,0,33,0,4,Maggie Gyllenhaal's Globes babysitter: Mom
-64,8,7,12,0,58,0,"As inflation soars, Zimbabwe economy plunges"
-73,22,48,27,0,34,0,Pledge: I was abused in frat hazing
-66,0,0,57,0,26,13,Experts: Fear likely shackled boy
-54,9,0,51,0,38,8,What's behind the chopper crashes in Iraq
-77,17,21,61,0,12,0,"Freed Muslim terror suspect says Britain is ""police state"""
-2,6,1,12,12,43,4,Blair apologises over friendly fire inquest
40,0,1,3,36,1,6,Depp 'to make Litvinenko movie'
-9,7,7,5,0,6,32,Why gas follows oil up but not down
10,0,0,0,17,8,5,"'Cravings' still there, sez Tara"
-26,26,4,4,2,27,6,Bill would strip convicted legislators of pensions
-39,0,4,0,0,36,0,Bears watch as lead slips away
-7,0,0,11,4,15,47,"In clue to addiction, brain injury halts smoking"
43,0,0,26,55,4,34,"In rigorous test, talk therapy works for panic disorder"
2,8,3,0,16,7,4,Rice: U.S. won't pull plug on Iraq
-31,9,0,32,2,9,1,"On road to Kosovo independence, a warning: go slow"
-22,21,4,13,9,27,6,Mistrial for officer who refused to go to Iraq
-9,24,0,15,20,0,38,Rebels to join Nepal parliament
-46,5,2,20,0,17,6,"EMI warns on profits, boss goes"
-51,0,0,48,0,54,23,Subway collapse caught on camera
25,0,18,2,22,0,57,Stinky but true: men's sweat is made for love
0,12,14,13,31,28,13,"POLITICS-US: reprieve for officer who denounced ""Immoral War"""
-27,14,0,10,14,30,10,Hunters stalk world's tallest trees
-35,4,0,47,7,34,12,Fuel spill may lead to missing jet
-84,14,0,39,0,80,3,"Sri Lanka floods displace 60,000"
-72,0,0,12,0,76,9,"Justin Timberlake, Cameron Diaz announce split"
-82,42,3,54,0,22,7,Iran to hit US interests if attacked
50,10,4,20,39,4,15,Israel says hopes to keep Lebanon border calm
-56,48,8,10,0,11,19,Cisco sues Apple over iPhone name
-87,20,7,38,0,87,3,Two Palestinians killed near fence
-85,0,0,13,0,88,17,EarthLink CEO dies at age 49
-54,12,20,15,18,62,4,"A star dies, a family feud is born"
-66,40,25,0,0,36,19,"Carter was a disaster, said Ford"
15,0,0,0,9,0,6,Super Bowl MVP Manning insists he's one of the guys
13,0,0,14,0,9,6,Personal health: the importance of knowing what the doctor is talking about
-30,34,7,19,0,24,16,Israel's Peretz urges halt to contentious Jerusalem construction
-54,38,22,0,0,31,9,Peter Jackson will never work for me again
15,11,8,19,28,4,9,U.S. keeps Iran options open
52,0,0,5,59,0,15,European shares hit fresh highs
26,0,19,0,8,0,63,"For women, nothing's like the smell of men's sweat"
15,0,0,4,11,0,14,Looking beyond the iPhone
-74,28,0,78,8,17,15,Freed kidnap suspect: my terror at police raid
44,0,0,0,56,15,3,"Far away, Super Bowl's losers will be champs"
-89,9,3,21,0,92,36,Woman dies after water binge
73,0,0,0,72,0,17,Mancuso sparks U.S. celebrations
6,5,0,17,13,0,9,ASEAN urges North Korea resolution
-36,2,0,7,0,27,12,Late penalty costs Roma the points
-64,34,46,15,0,47,33,Mistrial declared in teacher-student rape case
72,0,0,0,76,0,5,'Bookworm Adventures' wordsmith's joy
-54,3,0,6,5,56,3,Kylie's love split
55,0,0,0,37,0,18,iPod good for video games
35,0,0,0,38,0,17,Review: virtual 'American Idol' hits right notes
17,0,0,6,27,4,19,Leo battles himself
-59,46,15,24,0,27,4,Attorneys point fingers in fight between Ryan O'Neal and son
-52,14,5,21,0,18,20,John Grisham set for court drama
-13,8,0,9,0,9,22,"Bill Gates and Craig Mundie: vista is Secure, employees are not"
-54,34,19,29,2,17,24,Iraqis fault delayed U.S. plan in attack
-56,30,7,40,0,17,18,Boy Scouts blamed for starting wildfire
-32,26,3,31,0,0,12,China urges UN action on N Korea
-61,6,2,49,0,13,14,"Scorpion on a plane, a pantful of pain"
26,0,11,0,17,0,54,Male sweat boosts women's hormone levels
25,0,0,3,18,0,19,Mbeki on the big visit from the Chinese
17,0,0,13,25,5,7,French right nominates Sarkozy
-75,38,10,49,0,26,4,"Israeli, Lebanese clash on border"
-81,29,3,63,0,19,24,North Korea claims nuclear test
60,7,1,12,57,12,14,Talks begin on Somalia peacekeepers
66,0,0,0,33,0,47,Action games improve eyesight
8,0,0,12,1,6,24,"A small part of the brain, and its profound effects"
-58,17,11,53,0,23,4,IDF shells Lebanese Army positions across northern border
-48,5,0,11,0,48,40,Thailand: missing 25 years after taking wrong bus
-40,34,17,31,17,16,24,Ballerina sparks anti-fascist row
70,0,0,4,63,0,32,Internet boom in China is built on virtual fun
56,0,0,0,41,5,9,Review: PS3 pricey but impressive
61,0,0,0,52,0,15,Machinery orders drive Asia upward
-64,20,47,14,0,18,22,'Lost's' Fox: 'I'm a liar and a cheat'
-57,8,0,60,8,14,14,Russia to strengthen its military muscle
-12,0,0,12,0,7,7,"At Libby trial, Russert of NBC gives and gets"
33,3,1,38,47,2,14,North Korea ready to discuss first steps to nuclear resolution
-60,18,26,26,0,30,46,Victim: Gunman bought drink after shooting
70,2,0,15,70,1,13,Ferrer victorious in Spanish duel
-69,6,4,92,0,18,17,UK workers on alert for letter bombs
-62,22,17,14,0,38,62,Did NASA accidentally kill life on Mars?
53,0,0,21,49,17,31,"New vaccine for cervical cancer could prove useful in men, too"
-62,3,0,31,3,88,1,Search on for victims of subway collapse
-76,15,4,28,0,74,0,Human error caused Helios crash
-39,20,15,47,0,21,0,US to prod NATO allies for more troops to defeat Taliban
28,0,0,0,22,0,6,Microsoft supports OpenID authentication standard
-31,0,0,7,0,25,2,No buyer in sight for Napster
11,0,0,0,9,0,2,"Briefly: preloaded iPods, Wal-Mart movies, Apple stores"
-4,12,14,10,10,20,3,China says rich countries should take lead on global warming
56,2,0,29,52,2,17,North Korea may begin to dismantle nukes
40,2,12,26,38,13,7,Tracking down hi-tech crime
19,0,2,0,21,10,4,Barack Obama formally announces bid for president
-73,28,17,68,0,38,4,Kidnappers seize two in Nigeria
-49,17,20,35,0,29,23,"Indonesia may sell, not give, bird flu virus to scientists"
-67,13,11,16,0,80,0,"Attack video saddens ""friendly fire"" widow"
79,0,0,0,75,0,11,Europe retain trophy with big win
48,0,0,0,37,0,17,Cutting edge accessories for digital music players
-43,3,0,58,10,13,7,Ice storm descends on central U.S.
-70,4,13,27,0,65,4,Snow brings travel misery to England
-82,2,0,37,0,89,16,"Indonesia flood forces 340,000 from homes"
-31,24,9,30,15,37,38,Iraqi health minister seized in raid
-80,6,2,57,0,35,14,Ice storm brings chaos in U.S.
45,0,5,0,39,1,19,Stinky flower mystery solved
-69,61,15,4,0,23,0,Congressman rebukes U.S. allies for lack of support in Afghanistan
54,0,0,0,29,0,23,Roddick overcomes Federer in final
48,0,0,5,53,3,44,Prehistoric Romeo and Juliet discovered
41,0,0,0,32,0,5,Donald and Goydos share Sony lead
-69,32,0,56,0,25,17,U.S. and Iraqis are wrangling over war plans
-42,0,0,29,0,48,16,Sea search for missing Microsoft scientist
-79,30,7,60,0,17,3,Iran to Hit US Interests if Attacked
-71,22,0,62,0,34,0,Blair: Terror battle will be long
63,0,0,3,54,0,12,Bear cub returned to the wilderness
-37,0,0,7,0,26,10,Carrefour sales growth falls short
-16,5,16,0,0,17,26,"Allied with democrats, Lieberman easily aligns with Republicans"
-46,12,5,22,0,45,16,"In the Rockies, pines die and bears feel it"
-64,38,7,47,0,22,4,Iran to strike US interests if attacked
-4,7,29,0,2,0,21,"Nipple covers, other star secrets"
-27,8,5,0,0,10,37,Apple: no iTunes for you if you have Vista!
-41,0,0,9,0,34,6,Smokestacks in a white wilderness divide Iceland
-36,34,0,16,0,0,2,That'll cost ya
-52,29,10,50,4,38,6,Botched hangings in Iraq speed sectarianism
19,0,14,0,21,0,58,Male sweat raises female hormones
28,11,4,8,27,11,13,7 GOP senators to force debate on troops in Iraq
11,19,0,38,43,19,15,Bangladesh ends curfew amid unrest
-64,65,7,13,0,16,19,Italy's dispute with US over Iraq shooting
60,0,0,0,59,0,16,Here come the Globes!
-64,5,1,35,0,41,3,Snow causes transport chaos in Britain
-59,4,0,34,0,43,5,Snow causes airport closures in Britain
-12,9,15,15,5,14,28,"Second opinion: girl or boy? as fertility technology advances, so does an ethical debate"
-66,4,0,44,9,39,19,Heavy snow causes travel chaos and shuts schools
21,0,0,6,30,22,11,Barbaro's legacy: saving other horses
38,0,0,0,28,0,10,Luxury digs in South Carolina's Lowcountry
-95,17,2,67,0,92,15,Dozens killed in Baghdad bombing
-94,8,0,54,0,93,16,Ice storms kill 21 across nation
51,1,0,0,42,0,10,De Villiers takes over Dakar lead
53,4,4,0,47,2,5,Vietnam becomes WTO's 150th member
53,0,0,0,39,0,8,South African trio share advantage
-57,10,9,27,0,26,17,Observatory: poison begets poison
64,0,0,0,41,0,39,Action intensity boosts vision
19,0,31,0,16,0,52,Why the smell of a man's armpit is a turn-on
20,0,0,0,22,0,5,Nokia 5300 Xpress Music
-50,0,0,12,0,41,13,"Dell to cut bonuses, trim management"
43,0,0,9,35,5,36,"Second drop in cancer deaths could point to a trend, researchers say"
42,0,0,0,33,0,6,TV game shows go interactive
82,0,0,10,82,17,22,Boy missing since 2002 found alive
40,0,0,28,42,0,14,"US, North Korea signed nuclear memo"
67,0,0,0,66,0,12,Russia honors Sputnik designer
-60,0,0,66,0,29,20,"In Kenya's capital, a sense that danger is ever stronger"
52,0,0,0,44,4,4,"Bill, thanks for the RSA memories... and laughs"
-42,24,7,13,0,27,21,Friendly fire pilot 'experienced'
58,0,0,3,50,0,2,MySpace welcomes French friends
-69,6,2,68,0,16,16,Airlines: UK airport runway unsafe
-76,15,24,75,0,22,6,The amounts you have to pay for a bomb scare
10,0,0,10,11,0,9,"In Egypt, Rice speaks softly"
-76,9,0,16,0,74,14,"Weekly Nielsen Yvonne De Carlo, 'Munsters' star, dead"
-52,13,0,18,0,35,14,Senate votes to revoke pensions
-80,0,0,15,0,87,38,EarthLink CEO dies at age 49
-55,0,0,10,0,45,16,Software giant SAP misses target
53,0,0,0,40,0,43,Vital signs: mental abilities: folic acid may improve thinking skills
47,0,0,0,38,0,8,De Villiers stretches overall lead
83,0,0,2,84,6,14,Families celebrate return of sons
-57,6,53,72,15,21,23,China detains 2 after body parts found in mail
52,5,0,21,42,6,17,North Korea ready to discuss nuke disarmament
25,0,16,0,13,0,56,"For women, nothing's like the smell of men's sweat"
25,0,0,0,21,0,0,Nadal wants Australian Open crown
69,0,0,0,47,0,34,Beijing journal: Olympic construction unearths ancient treasure trove
36,0,0,4,33,5,16,"Chinese president arrives in Mozambique, African tour nearly over"
27,0,0,0,18,0,6,Reclusive 'Mockingbird' author attends show
40,0,0,3,36,0,7,"Asia near pact on energy, security"
-33,17,0,32,0,32,13,Philippine anti-terror law delayed until June
-43,44,15,19,15,18,20,Ex-suspect slams anti-terror laws
53,0,0,18,40,23,24,Study detects a gene linked to Alzheimer's
60,0,0,0,59,0,7,Panda cub makes her debut
68,0,0,0,61,0,10,Harris haul puts South Africa on top
33,0,0,7,33,7,16,Weight-loss drug to be sold over the counter
16,0,0,0,12,2,7,Beckham outlines reasons for move
-14,0,0,30,3,23,35,Study finds gritty air raises heart disease risk in older women
-24,60,12,24,16,17,5,"Venezuela, Iran fight U.S. dominance"
-35,0,0,4,0,25,16,'Housewives' star Marcia Cross on bed rest
57,0,0,0,49,0,11,Blog: Here come the Globes!
8,48,2,22,4,13,0,Greek police hunt embassy attackers
-24,0,0,5,0,12,21,Apple warns iTunes users to wait on Vista
-52,0,0,79,13,13,0,Tsunami fears ease after quake
28,0,0,7,30,0,13,China considers Eurobond reserves
12,0,5,0,6,0,14,Underarm bowls them over
-95,24,17,69,0,90,17,At least 130 die as blast levels Baghdad market
-46,19,13,19,0,15,16,New McCain team made attack ads he once faulted
-84,0,0,79,0,60,12,Deaths as bird flu flares in Asia
57,0,0,10,50,0,15,"Hamas, Fatah leaders pledge to meet until they reach agreement"
-58,35,41,16,0,23,21,Officers had 'rapport' with alleged abductor
-38,2,0,3,8,37,11,No e-Book for Harry Potter VII
20,0,0,0,20,0,4,Review: Nokia 5300 Xpress Music
8,0,0,0,3,0,11,'Can't do this anymore'? Not Jack
35,0,0,11,17,0,42,Black hole triplets spotted
21,4,0,6,13,1,23,Israel weighs old city project webcast
-84,0,0,58,0,86,16,Indonesian bird flu deaths hit 61
-73,14,0,16,1,73,15,Somali refugees cut off from aid
-3,3,0,7,17,11,3,Microsoft downplays Vista speech-recognition hack
62,0,0,0,49,0,15,Next island hot spot: St. Lucia
-21,28,21,25,17,17,15,Italy to hold no-show trial of Bronx GI in Iraq slay
71,0,0,11,73,10,17,Rescued boys parents hail 'miracle'
-66,50,58,18,17,19,22,Canadians tracked in child porn ring
-34,27,0,14,0,13,44,Teen hacks Venezuelan government Web sites
-68,18,0,61,0,21,15,"Russia plans new ICBMs, nuclear subs"
42,1,8,10,34,7,18,Gere cheers sex workers in AIDS fight
15,0,11,0,17,0,59,Study: Male sweat causes female hormones to rise
-92,4,0,47,0,85,1,Collision on icy road kills 7
67,0,0,5,54,0,42,Surprise: China cuts price of gas
11,0,0,0,15,9,0,What the Godfather of Soul meant to me
64,0,0,0,48,0,18,New Mars orbiter spots Pathfinder landing site
-5,27,0,15,14,3,16,Mass Venezuela opposition rally
64,0,6,0,60,0,13,Glamour -- and 'Borat' -- at Golden Globes
-85,13,11,86,0,16,3,Terror officials see Al Qaeda chiefs regaining power
-2,0,5,0,3,0,25,"Ivrea journal: In Italian town, a civics lesson from pelting neighbors"
47,5,7,17,48,0,21,Iraqi sunni lands show new oil and gas promise
17,33,3,8,39,0,16,Princess and heir of Franz Ferdinand fights to repeal a law and gain a castle
-15,0,0,29,9,0,22,"A film star in Kampala, conjuring aminos ghost"
-80,37,9,84,0,26,2,Militants attack U.S. base in Iraq
-89,18,17,88,0,23,7,North Africa feared as staging ground for terror
-86,19,9,83,0,16,16,"Iran says Sunnis, using Pakistan as base, planned fatal bombing"
-38,23,15,12,0,17,12,Anglicans rebuke U.S. branch on same-sex unions
-95,23,10,60,0,94,21,Homemade bombs kill 65 on Indian train
-83,15,8,82,0,20,6,Al Qaeda chiefs are seen to regain power
-49,53,1,45,5,2,13,Chvez threatens to jail violators of price controls
-64,24,3,53,0,27,14,Bush declares Iran's arms role in Iraq is certain
66,0,0,5,60,0,12,Accord on North Korea is announced
-38,9,0,40,0,6,15,U.S. says powerful Iraqi cleric is living in Iran
32,14,15,17,45,16,17,"Baghdad plan is a success, Iraq prime minister tells Bush"
38,0,5,8,49,0,12,Iraqi sunni lands show new oil and gas promise
-40,29,2,28,0,2,22,"Dispute over Iraqi cleric, said to have gone to Iran"
-71,29,2,54,0,37,27,Planning seen in Iraqi attacks on U.S. copters
-54,15,16,48,15,62,34,"In the world of life-saving drugs, a growing epidemic of deadly fakes"
16,0,0,0,20,0,36,Basics: a mammal in winter with a furnace of her own
-8,0,0,7,0,8,12,"Books on science: The problems in modeling nature, with its unruly natural tendencies"
15,0,0,0,8,0,26,Believing scripture but playing by science's rules
64,0,0,0,64,0,18,"A familiar and prescient voice, brought to life"
10,15,15,16,25,16,28,Findings : A cool $25 million for a climate backup plan
57,2,0,3,52,4,37,Call it serendipity: a missing piece of Washington's war tent is found
-20,4,0,14,0,16,27,"Free Will: Now you have it, now you don't"
48,0,0,2,23,0,64,Archaeologists find signs of early chimps' tool use
43,0,0,2,31,0,64,Wizardry at Harvard: physicists move light
-52,18,34,17,0,32,9,The summit - a slap in the face of the Palestinians
43,4,2,4,37,17,8,Moscow says Palestine-Israeli contacts key to Mideast peace
-15,8,8,9,12,36,1,Mideast summit edns with little progress
-70,34,12,40,0,28,20,India decries 'an act of sabotage'
58,4,4,24,58,18,22,Pakistan-India peace talks planned despite bombings
-71,11,4,68,0,6,23,"Czechs, Poles get missile warning"
-72,48,13,53,0,0,0,Russia warns US against missile bases in East Europe
16,0,0,0,5,0,2,"Cheney starts visit to Japan, Australia"
21,12,12,15,24,13,3,China: Cheney shores up the trilateral alliance
-65,27,3,64,0,26,9,Iraq insurgents attack US base
-88,32,14,28,0,89,0,US soldiers die in day of violence
-85,28,16,54,0,69,8,Iraqi suicide attack kills two US troops as militants fight purge
-60,21,14,30,0,6,15,Iran reneges on nuclear payments to Russia
-43,4,0,11,8,31,19,Top Colombia official resigns
-35,15,12,34,14,35,31,Colombia FM resigns after relatives' arrests for militia links
-17,7,25,14,25,21,23,Foreign minister of Colombia quits in scandal
-35,11,1,5,8,35,14,New Zealand unlikely to allow crippled Japanese whaler
-3,11,10,20,30,31,12,Damaged Japanese whaling ship may resume hunting off Antarctica
-31,6,18,7,0,12,15,Japanese whaling ship won't accept help
18,2,0,22,29,11,11,Iran top N-envoy heads for Vienna for nuke talks
-63,49,17,15,0,54,17,Victims of Air India still wait for justice
-62,23,25,20,0,12,13,Kanishka bombing case: Inquiry judge threatens to quit
-56,46,2,14,0,16,11,Judge threatens to shut down Air-India inquiry
56,0,0,3,42,0,20,Royal rescues presidential hopes with commanding performance
26,0,0,0,16,0,3,Royal seeks to revive French bid
47,0,0,0,41,0,14,Sarkozy comfort zone offers a royal opportunity
0,9,2,12,1,12,10,"Hicks first in line for trial, Bush says"
2,26,17,19,27,20,36,Australia tells Bush to speed up Guantanamo trial
-37,15,6,48,12,14,17,Howard presses Bush on terror suspect
15,0,0,36,35,0,12,France ends toxic alert at Canadian embassy in Paris
-26,6,4,37,8,12,7,Paris police investigate package at Canadian embassy
-10,2,19,23,16,3,9,False alarm at Canadian embassy in Paris
18,16,7,37,44,14,18,Afghan forces retake town that was overrun by Taliban
-75,27,12,51,0,41,19,Taliban seize rural district in southwest as police flee
-63,10,0,33,0,43,6,Afghan poppy war alienates farmers
-8,0,5,12,14,1,11,Will North Korea honor pledge this time?
-42,18,15,8,0,17,35,Kim Jong-il bans Japanese cars in North Korea
-29,26,9,24,0,12,0,Iran vs. North Korea: not all enemies are equal
35,0,0,0,26,0,19,Catholic archbishop outlines Anglican merger hopes
49,0,0,0,40,0,27,Anglican and Catholic churches could merge
-93,15,15,32,0,91,2,US helicopter crash kills 8 troops in Afghanistan
-91,15,16,18,0,90,2,Eight US soldiers killed in Zabul helicopter crash
59,2,0,8,52,1,14,Arroyo lauds passage of anti-terror bill
61,2,2,5,49,1,15,House passes anti-terrorism measure Manila
44,0,0,9,37,0,9,Livingstone's transport empire may extend
16,5,3,7,27,10,6,"London is pace-setter on congestion toll, says mayor"
-16,16,11,9,15,8,2,Protest greets congestion charge's westward push
-87,22,10,42,0,76,16,"Thailand attacks kill three, injure 70"
48,0,0,2,43,2,15,Thai Govt moves to smooth over relations with south
-71,48,15,49,0,26,15,Bombings say Muslim rebels won't negotiate
-24,0,0,15,1,25,45,Roots of autism more complex than thought
11,0,0,12,16,21,30,Largest ever autism study identifies two genetic culprits
56,0,0,6,48,10,18,Canadian breakthrough offers hope on autism
-49,0,0,37,6,17,16,Beware of peanut butter pathogens
7,0,0,23,24,2,4,Experts offer advice on salmonella
35,0,0,16,37,24,16,Experts issue new heart disease guidelines for women
47,0,0,7,41,6,21,"For women, aspirin a day could keep stroke away"
-46,0,0,45,0,17,23,High cholesterol raises stroke risk healthy women
-24,16,4,44,30,13,21,Cooked chicken breasts join tainted-food recalls
-8,16,5,52,30,16,28,Ready to eat chicken breasts recalled due to suspected listeria
-40,10,3,19,14,16,43,Fully-cooked chicken strips recalled
2,3,0,10,15,11,32,Committee debates cancer vaccine plan
37,0,0,4,41,9,25,Stop cancer with a shot
41,0,0,19,42,5,34,1 mln birds to be vaccinated from bird flu near Moscow
-27,0,0,61,23,26,5,Thousands tested after Russian H5N1 outbreak
-75,0,0,71,0,18,22,"Russian bird flu outbreak is deadly ""Asian strain"""
-65,15,10,20,0,64,38,Bernard Matthews to lay off up to 500 workers
-60,13,12,17,0,53,29,Matthews lays off 130 turkey workers
-58,28,11,51,1,16,14,Reopening bird flu-hitfactory ignores risks - poultryman
-18,0,0,7,0,21,7,Goodbye to girlhood
-44,50,45,12,14,29,15,Media cited for showing girls as sex objects
-49,23,16,11,0,19,6,Sexualisation 'harms' young girls
-59,0,0,53,0,9,3,A shot in the arm
1,2,0,41,25,6,9,Thousands line up to get late flu shots
46,0,0,9,49,5,23,King county offering some free flu vaccines
71,0,7,10,60,10,0,Bush vows cooperation on health care
44,0,2,8,39,3,15,Health returns as hot issue in '08 race
73,0,0,0,58,0,14,Small-business owners find Bush health plan appealing
-14,0,0,23,0,12,13,Pediatricians say more cord blood is needed now
0,0,0,13,8,0,29,Whether to save cord blood can be puzzle for parents
81,0,0,0,80,2,24,Retinal implant helping blind people see again
-43,18,18,11,0,30,39,"Indonesia ""will not share"" flu samples"
1,0,0,26,26,0,16,Health Canada issues advice on canned tuna
-20,0,0,22,13,28,23,Cholesterol link in diabetes study
54,0,0,3,35,2,38,Pig cells hope for diabetes cure
-12,0,0,14,9,25,29,Sick hearts switch on a fetal gene
-4,0,0,22,24,15,38,Foetal mechanism helps heart failure
-60,0,0,61,0,15,11,"Planned cesareans not risk-free, group warns"
72,0,0,0,60,0,20,Scientists tout cocoa's health benefits
73,0,0,0,70,0,35,Feeding your brain: new benefits found in chocolate
74,0,0,0,71,0,41,Some cocoa may improve brain blood flow
-20,23,12,16,16,22,10,Lawyer for deceased Nazi-era collaborator Papon vows to bury him
70,0,0,2,66,2,45,"Cocoa could be antidote to age-related diseases, says new study"
-35,13,3,11,0,20,23,China denies reports of North Korean apology
-49,38,17,33,0,14,7,Hungarian opposition calls for vote after violence escalates
-56,16,17,10,0,39,10,AU regrets Sudan's expulsion of UN envoy
-24,20,13,24,0,19,0,Bush officials: no big move in Iraq plan
3,4,7,0,13,0,17,Opponent is put on the spot over remarks about Clinton
34,0,0,0,29,0,12,House ethics panel talks to Hastert aide
68,0,0,0,57,0,15,BellSouth says profit rises 30% on cingular earnings
-10,18,18,5,14,35,17,Enron boss gets 24-year sentence
17,4,8,4,20,13,10,Sony apologizes for battery recall
63,0,0,0,42,0,38,Google unveils do-it-yourself search engine
63,0,0,0,54,0,17,Firefox 2.0 hits the Web
64,0,0,0,56,0,22,Oracle World opens with Dell unveiling AMD-powered computers
-29,0,0,0,6,31,10,Seahawks' QB Hasselbeck out 2-4 weeks
70,0,0,3,63,7,4,Marathon winner released from hospital
-62,46,18,17,0,25,24,Punter charged with stabbing asks to live outside state
47,0,0,0,47,0,14,Allmendinger joining Toyota team in NASCAR
-31,0,0,6,0,38,2,Trying to assess the damage in Cleveland
45,0,0,0,39,0,17,Bryant's boot may have salvaged Bucs' season
2,0,0,0,2,0,1,This week in auto racing October 27 - October 29
-41,6,13,9,0,15,35,Merriman violation stuns ex-teammate
-30,14,0,0,0,14,8,Bruce revells in upset
-64,0,0,4,0,62,12,Steelers' Roethlisberger has concussion
7,10,0,0,22,15,29,Arthurs upsets Robredo in first round at the St. Petersburg Open
38,0,0,0,35,0,2,Mbeki: 2010 World Cup Planning on Track
19,0,0,0,12,0,8,Clinical Everton show Moyes means business
41,0,0,0,42,0,22,MS Adds Office 2007 to Vista Coupon Program
-18,0,3,0,0,9,10,One search does not fit all
-6,4,0,4,0,9,23,Apple's dark secret? The 39% claim
-33,0,0,5,2,51,12,Bad weather cancels men's downhill
78,0,0,0,67,0,18,Cool millions for YouTube founders
60,0,0,0,49,0,4,"London market a shopping, dining haven"
64,0,0,0,52,0,29,'Jackass' star marries childhood friend The secrets people reveal
71,0,0,0,68,0,30,Audio Slide Show: A love story lasting 61 years
49,0,0,0,51,0,33,Microsoft to release next generation phone
-58,0,0,18,0,48,43,Body Shop's Roddick has Hepatitis C
-4,8,7,38,6,25,38,Teen allegedly armed by mom turns self in
9,0,0,1,11,0,8,Oxfam: action needed for Chad
-75,31,2,31,0,38,2,Violence continues at disputed holy site
-79,7,0,33,0,53,6,Storm leaves behind major travel troubles
-83,13,2,30,0,74,1,3 U.S. troops killed hunting weapons cache
52,4,5,6,48,8,16,China's 'Friends' highlights Web freedoms
70,0,0,11,67,17,19,NATO: Afghanistan peace 'by 2009'
71,0,0,0,52,0,28,Alaska's northern lights captivate Japanese
-53,13,16,0,0,59,21,Smith can't be buried until hearing
81,0,0,0,67,0,23,Spacewalker sets new U.S. record
3,0,2,12,22,8,46,Fortune: India the Superpower? Think again
-37,44,17,29,16,28,16,Kerry blasts 'escalation of misguided war'
-21,0,0,0,1,22,27,Anna Nicole claimant: A prince of a guy?
49,0,0,0,52,0,8,'Ronnie' and Eto'o hug and make up
54,0,0,0,40,0,11,Best of the Chicago Auto Show
61,0,0,0,51,0,11,"'Grey's,' 'Betty,' 'Scrubs' get boost"
-84,6,0,56,0,76,32,Massive mud traps dozens of families
-14,0,0,14,8,34,40,"Edwards blogger quits, becomes journalistic martyr"
-69,4,0,20,0,82,10,Town packs gym to mourn 10 killed in fire
48,0,0,7,46,7,28,Spain ahead although Nadal is out
19,0,0,0,18,0,5,ECB holds rates at 3.5 percent
-41,27,15,34,10,18,9,Iran rejects US claims of supplying weapons in Iraq
42,0,0,18,44,6,11,Jakarta begins disinfection
-14,0,0,2,22,44,15,"Rowling 'heartbroken,' 'euphoric' at 'Potter's' end"
-21,5,26,5,12,11,23,Apple revs up Mac attacks on Vista
-59,0,0,51,0,42,11,Fear hinders black marrow donation
-59,45,9,19,0,30,29,Texan allegedly joined Somalia rebel plot
33,4,0,12,33,14,28,"U.S. to allow 7,000 Iraqi refugees"
-38,29,22,43,12,10,5,Japan: Whaling activists 'terrorists'
0,0,2,13,5,0,28,'Hannibal' bites the big one
-14,36,26,13,0,26,31,Women protest Pakistan demolition
41,0,0,0,43,0,32,Wii news for gamers
16,6,8,6,28,3,15,Democrats look beyond symbolic vote on Iraq
12,2,8,10,20,13,24,Portugal to vote on abortion laws
-60,32,9,40,2,27,2,Frustration rises as North Korea nuclear talks stall
19,0,0,12,13,5,61,Horse teeth give details of ancient big chill
-42,14,22,11,3,20,33,Scam lures victims with free puppy offer
57,1,0,5,47,4,11,Two Koreas to resume talks
31,0,0,0,28,0,9,Mickelson driving force at masters
24,0,0,0,15,6,15,England opt for Bopara over Loye
32,0,0,5,33,0,14,Create own 'Thrillville' for a wild ride
-27,6,7,10,1,18,33,Edwards' campaign blogger quits amid Catholic controversy
-22,0,8,0,0,27,26,Judge: Preserve Anna Nicole's body
26,0,0,1,33,2,12,"Dolphins, sea lions may report for duty soon"
1,0,0,26,8,0,13,Nasdaq-LSE battle nears deadline
15,0,0,13,20,19,13,A personal plea for HPV vaccine plan
46,2,0,19,46,10,31,U.S. opens door for Iraqi refugees
-84,7,0,31,0,82,17,Swiss plane crashes at Moscow airport
72,0,0,0,57,0,30,Study: napping might help heart
74,0,0,2,59,2,19,MySpace sales surging
-72,11,0,19,0,67,24,"Telecoms giant slashes 12,500 jobs"
70,0,0,0,59,0,15,Air France KLM profit rises
-37,8,1,39,16,22,13,Uganda parliament votes to send troops to Somalia
57,0,0,0,53,0,23,King and queen reign at British film awards
42,0,0,0,42,7,28,Murphys rule box office with 'Norbit'
-55,23,8,45,0,19,20,Thousands rally in Lebanon
10,0,0,0,13,0,10,Yahoo's mission quest
36,0,0,2,28,0,16,Area should get 3-5 inches of snow today
64,0,0,6,58,0,21,Miss Brazil wins lawsuit competition
-72,3,0,44,0,54,18,"Snow wreaks havoc in East, Midwest"
-15,0,6,6,0,0,34,The secrets people reveal
49,0,0,3,32,4,60,Research supports medicinal marijuana
47,3,0,3,52,17,16,All African amputee football games kick off
-67,9,0,26,0,60,23,Group: Video shows chopper go down
-6,0,0,0,35,16,19,Sale of Chrysler possible
-30,37,14,43,13,47,5,Russia condemns terrorist acts on buses outside Beirut
67,0,0,5,66,12,20,Technology may save India's river dolphins
51,0,0,0,59,3,17,Airbus A380 superjumbo takes off
62,0,0,0,60,0,31,Naps are great for chaps
72,0,0,0,67,0,21,Female astronaut sets record
33,0,0,0,13,0,37,Corn stoves popping up in U.S. homes
-68,14,12,38,0,42,24,Iraq closes borders with Syria and Iran
-50,11,2,15,0,36,27,The troubling ending of 'The Departed'
21,0,0,0,23,0,6,Vietnamese bank plans IPO listing
23,0,0,0,17,4,18,Toyota's Scion parks in Second Life
38,0,0,0,49,0,11,Obama will run in 2008
56,0,0,0,47,0,22,'Cagney & Lacey' finally coming to DVD
-25,25,0,50,0,12,12,Merkel: Stop Iran
-70,14,1,19,0,54,50,Salt Lake City mall shooter was teenager
73,0,0,0,68,0,35,Female astronaut sets record
10,4,0,3,12,10,10,Oil holds at $58
51,0,0,0,37,0,28,Obama announces presidential bid
51,0,0,0,40,0,36,Tell your boss: Naps are good for you
-59,28,10,12,0,23,15,Serbia rejects United Nation's Kosovo plan
-21,4,1,28,0,31,10,Amish discuss shootings
-3,1,17,1,7,0,25,"Jail me, I ate Ivory Coast chocolate"
-39,15,14,21,0,6,8,Can North Korea be trusted?
-34,0,0,0,0,20,14,Tourism lags in Bush's hometown
-30,7,0,4,0,16,50,Astronaut's arrest tests NASA's mettle
58,0,0,6,55,0,20,Man gets second chance at space ride
47,0,0,0,39,0,40,"Go ahead, take a nap, science says"
21,0,0,11,17,9,11,Weekly Nielsen will 'Lost' find its way back?
-36,5,13,4,0,14,18,Brith Airways baggage charges cause confusion
-86,0,0,45,0,73,21,Indonesian with bird flu dies
69,0,0,0,54,0,15,St. Louis poised for entertainment upswing
-4,3,0,8,25,16,28,New York City may ban iPods while crossing street
-26,21,14,9,16,56,33,Boy allegedly told to kill by mom gives up
47,0,0,18,55,6,12,Gray wolves off endangered list
14,0,0,8,9,0,1,Vista's hyped security will be tested
-58,23,11,48,0,15,17,UK police slammed over terror raid
-51,4,0,35,8,22,14,Mogadishu residents flee blasts
-91,2,1,65,0,85,21,Bomb kills 18 on military bus in Iran
32,0,0,0,27,0,12,"'WarioWare,' Wii make perfect fit"
-33,11,2,27,0,11,8,U.S. at odds with cleric's aide
-62,14,3,21,0,67,21,Desperate Iraqi mother relies on militia for help
7,6,0,14,12,11,16,Full details of the EU report on Iran
16,0,4,0,20,2,8,Singer on Cowell: Glad he was mean
-36,4,2,6,0,21,9,Jones faces Europe meetings snub
58,0,0,0,53,0,12,Beckham goal helps Real snatch win
-57,0,0,43,0,17,14,Guinea: Plan offices close as country declares emergency
80,0,0,0,62,0,15,Japan's economy grows
18,3,0,7,28,22,20,United Nations peacekeepers raid Haitian slum
41,0,0,1,45,0,21,Work starts on Arctic seed vault
54,0,0,0,45,0,20,Social networking goes mobile
57,0,0,0,40,1,29,"Beauticians cut, curl, offer stroke-prevention info"
54,0,0,6,49,3,55,"Siesta cuts risk of heart disease death, study finds"
46,0,0,0,29,0,20,Thomas Cook to merge with MyTravel
55,0,0,0,37,0,29,Nap your way to a successful career
-65,3,0,47,1,50,21,Village buried by 100 inches of snow
59,0,0,0,39,0,23,Oprah announces new book club pick
47,0,1,1,23,0,8,The science of love ... and lust
-64,11,1,11,0,47,20,"Northeaster cancels flights, shuts schools"
66,0,0,0,51,0,35,Napping may be good for your heart
-70,32,1,11,0,51,32,Ryan O'Neal injured son's girlfriend
-78,0,13,46,2,60,22,Chrysler's Valentine's Day massacre
-17,1,0,46,34,36,13,Madrid bombings trial begins
-6,14,22,10,14,11,11,Fight starts over HPV vaccine
61,0,0,1,48,0,19,Autos drive European gains
22,0,0,2,21,6,4,James Brown's partner can get her things
-45,0,0,0,2,35,17,Auto show canceled
-11,0,1,0,0,3,30,UK luxury maker Burberry: 'Made in China'?
51,0,0,4,43,0,42,On-the-job naps might cut heart risk
41,0,0,0,39,0,6,"No. 1 Florida survives Rupp Arena, streak hits 16"
-19,0,0,2,6,36,21,J.K. Rowling marks spot of 'Potter's' end
45,0,0,0,37,0,6,Gronholm takes a commanding lead
-44,29,18,9,1,8,12,Howard slams Obama on Iraq policy
-6,3,1,8,0,16,11,Manila hints at ransom approval
1,0,4,0,8,3,7,Champion Murray too good for Kim
-6,2,0,4,8,15,6,"G7: Yen skates by, yuan singled out"
-13,4,0,19,7,17,30,Gunman 'was Srebrenica survivor'
-6,0,3,9,21,9,14,Cutting through the clutter to get things done
52,2,0,10,47,17,19,Mother: Lohan is doing 'great' in rehab
29,0,0,1,31,0,20,Who's going to win at the Grammys?
-40,9,13,7,0,12,31,"Libby defense upsets judge, rests"
4,0,0,2,17,31,10,Breakup rings find new homes
26,0,0,0,37,11,9,Gronholm ahead as Solberg crashes
-39,0,8,0,0,20,6,'Norbit' a waste of Murphy
-2,0,0,8,19,14,20,Rocky start for Bangkok airport
-92,11,0,61,0,87,9,12 dead in Lebanese minibus bombings
-71,25,45,21,0,35,20,Sex torture claims hit Russia army
15,0,0,2,7,4,52,Mega-marsupials once roamed Australia
11,0,0,3,3,0,23,Rupert Murdoch's secret TiVo
-44,3,0,42,16,50,29,"UPDATE 1-Plane crashes at Moscow airport, no passengers"
-41,30,0,20,6,10,38,HPV vaccination stirs heated debate in America
-16,8,17,16,3,14,45,Court TV: Accused killer tells jury a love story
14,0,0,7,22,7,37,Whistle-blowing Web site exposed
39,0,0,0,32,1,32,"Start late, retire rich"
7,30,17,15,18,17,4,Somali PM vows to bring Islamists to justice
1,0,3,5,8,11,29,Swingers more common than most think
-71,3,0,0,0,70,7,Anna Nicole Smith fans mourn in cyberspace
-52,9,0,56,0,8,44,Antibiotic Ketek more dangerous than thought
32,0,0,0,45,0,19,Time to book your cruise
-49,0,0,12,4,42,12,'Blazing Angels' for PS3 fails to soar
-35,7,0,12,0,29,13,North Korea aid demand stall talks
-44,0,0,13,4,43,28,Cartoon Network head steps down
43,1,0,4,49,0,27,Malaysia aggressively wooing tourists
-51,2,5,9,1,49,19,Anna Nicole Smith's Bahamas home seized
-30,0,0,19,0,27,48,Andromeda involved in galactic collision
12,0,0,5,36,13,32,Rwanda mulling 3-kid limit for families
67,0,0,0,57,0,18,Wilkinson sets record in tame win
38,0,0,12,43,0,16,Army engineers say dam safe
-1,8,4,43,31,12,17,France: Al Qaeda suspects arrested
-3,7,9,10,15,12,13,Utah gunman survived Srebrenica
33,0,0,0,22,0,42,Creating a whole album in a month?
-78,10,4,71,0,24,22,India to test new nuclear missile
26,4,3,10,0,13,15,G7 to China: Ease exchange rate grip
-7,2,5,0,17,16,7,Hatton hands back IBF title again
-16,0,0,16,8,9,12,"Bernanke: Economy healthy, but..."
44,0,0,0,37,0,6,"Mickelson, Sutherland share lead"
60,0,0,0,51,0,42,"Napping is good for your heart, study finds"
21,0,0,0,10,3,11,Princess Masako author: No regrets
-21,0,7,8,1,10,38,Students use IM-lingo in essays
64,0,0,0,54,0,27,Malaysia launches tourism campaign
-56,2,0,7,0,52,12,Study: Africa's Internet gap getting wider
-62,4,7,32,0,28,20,Travel chaos as heavy snow hits UK
4,1,4,0,6,1,24,Paula Abdul: 'I have never been drunk'
-68,4,0,70,0,16,19,Salmonella outbreak traced to peanut butter
-60,27,0,43,0,13,11,Putin: U.S. force fostering nuke ambitions
-30,0,0,45,12,8,12,"Nuke detectors to ring New York, official says"
-90,10,0,65,0,81,20,Double bus-bombing kills three in Lebanon
-15,0,0,2,8,16,19,Davydenko out as seeds scattered
34,0,0,0,31,0,20,Obama: I'm running for president
59,0,0,0,58,0,9,Paterson boots Scotland to victory
2,0,0,14,13,12,25,"African-Americans are organ donors these days, but what about bone marrow?"
60,0,0,2,44,0,40,Study: On-the-job naps might help heart
-6,0,0,40,21,9,20,"Guinea capital largely calm under curfew, marital law"
7,0,0,3,20,10,39,Bosses sleeping on idea of letting workers take naps
-46,29,42,16,0,18,30,Teacher's porn conviction sparks tech debate
51,0,0,0,44,0,19,Singapore pampers its waterfront promenade
7,0,0,3,24,14,32,Rwanda mulls three-child limit
26,5,5,7,29,8,13,Samsung settles price-fixing lawsuit
-52,14,12,35,0,18,24,"Radical cleric al-Sadr in Iran, U.S. insists"
65,0,0,0,60,4,33,Reports: Harvard set to name first female president
1,0,4,33,15,12,34,Iraq unveils new security plans
60,0,0,0,54,0,20,University offers support to New Orleans school
-51,2,4,39,0,21,5,"Storm causes slick, icy roads"
-82,0,1,40,0,75,27,South Korea fire kills 10 foreigners
48,0,0,0,45,12,48,Prehistoric lovers found locked in eternal embrace
4,0,0,4,5,4,9,Charts: Is your city lean or lethargic?
-35,28,17,19,14,30,14,Peru leader questioned in massacre probe
23,7,10,12,34,12,20,U.S. commander: Iraq not hopeless
-10,1,8,4,16,7,15,Australian PM stands by Obama attack
44,2,0,3,47,3,27,Mardi Gras rebound in the offing for New Orleans?
66,0,0,4,54,2,30,Siestas may cut heart disease risk
-82,8,0,22,0,73,26,"Oregon snorkeler mistaken for rodent, shot in face"
-14,11,5,21,8,5,8,Petraeus takes command in Iraq
-88,36,0,43,0,76,22,6 dead after Utah Mall shooting rampage
-84,3,0,41,0,67,23,Sharks kill four people in 'dull' year
67,0,0,0,52,0,29,Record-shattering day on Wall St.
-15,4,11,6,7,13,11,Comedian says government silences critics
73,0,0,0,64,0,13,Rockers big winners at Brit Awards
-81,13,0,34,4,83,25,Samba school leader killed before Rio carnival
-38,0,8,4,12,41,26,"Taiwan's 'Mr. Clean' indicted, steps down"
-20,54,15,17,25,6,19,Woman fights to keep drunken driver in jail
-84,49,10,78,0,15,20,Al Qaeda group calls for attacks on U.S. oil
-14,9,2,13,15,16,13,Cousin: Gunman was Srebrenica survivor
48,0,0,0,33,0,11,Turkmenistan votes for president
21,0,0,0,12,0,17,Here is some advice to take to heart...
3,0,0,4,6,2,6,10 don't-miss tax breaks
-39,37,0,10,20,17,10,Police break up Kosovo protests
4,0,0,0,14,13,13,Messi makes Barcelona squad return
-78,3,0,21,0,77,23,Jump reported in accidental drug-overdose deaths
-53,27,0,11,0,44,13,Catania punished for fan violence
78,0,0,0,69,0,31,Isinbayeva sets 20th world record
-24,31,9,15,14,26,14,Lawmakers blast FDA drug safety oversight
54,0,0,2,47,0,41,Regular naps make hearts healthy
-33,0,0,9,0,29,0,Ice stops trolleys cold
-3,7,9,14,12,18,27,U.S. gunman 'was Srebrenica survivor'
-74,9,37,14,0,33,21,Outdated baby food found on shelves
-59,17,28,13,0,17,11,Tow truck drivers accused of stealing cars
7,7,11,15,21,13,2,Bush: It's time for Congress to back energy plan
28,2,10,6,33,5,12,UK soldiers cleared of Iraq abuse
21,11,5,19,34,8,17,FDA revises label warnings on the antibiotic Ketek
7,0,0,0,7,0,7,Toshiba Portege R400
-61,0,0,0,0,76,7,South Africa mourns Adelaide Tambo
54,6,0,14,51,16,15,Evacuees can return home after plant blast
-64,0,0,0,0,68,18,Anna Nicole Smith's body lies in legal limbo
-7,4,15,0,17,12,34,Former teacher poses for Playboy
-61,30,5,13,0,25,19,France rejects Rwandan investigators
51,0,0,2,40,0,44,A nap a day may keep the heart doctor away
21,3,4,5,25,10,12,"Higley, Gonzalez lead in Malaysia"
50,0,0,0,40,0,18,Grammys ready to name winners
-15,9,0,4,5,3,9,Pound will not drop Armstrong case
48,0,0,0,39,0,7,Reunited Police to start world tour in May
43,0,0,0,33,0,13,Turkmen acting leader sworn in as new president
38,0,0,0,37,0,9,Allen and Okur get All-Star call
29,0,0,0,22,0,4,Svindal claims are golden double
-91,12,0,57,0,87,18,"Trolley Square shooting leaves 6 dead, including gunman"
-68,7,0,51,0,28,24,Bridge blast stops I-95 traffic
-88,5,4,49,0,74,25,"Mother, daughter stabbed near school"
-6,0,11,3,0,0,0,Excerpt: Politicians and the press
38,1,0,2,24,2,12,North Korea gets 'money and respect'
35,4,4,2,24,5,7,Beyonce in a bikini as SI's swimsuit cover model
42,0,0,0,32,0,40,Loving with all your ... brain
-12,17,21,8,11,11,32,Shoplifters' choice: Police or T-shirt of shame
-29,0,0,18,0,8,9,Cuban official: Web a 'wild colt'
27,0,0,0,20,0,6,Slow 'Music and Lyrics'
31,0,0,9,36,10,17,Mexican navy helps in hunt for U.S. engineer
-20,0,2,3,5,19,16,Smith baby may not be pot of gold
5,0,0,2,0,0,2,Latest updates on world's top stories
-84,44,13,31,0,82,13,Beating leaves teen in coma
51,0,0,0,42,0,11,Tiempo Libre has Grammy dreams
32,0,1,0,22,0,34,GPS sneakers locate with press of a button
-24,2,0,0,0,20,19,Embattled Edwards blogger quits campaign
-70,19,15,42,0,25,14,Britons deported from Somalia held under Terrorism Act
5,0,0,2,0,0,1,Updates on world's top stories
57,0,0,10,57,8,24,Breast cancer drug promises hope
-17,0,0,0,0,0,60,Ancient coin shows Cleopatra was no beauty
48,0,0,0,40,0,53,YouTube yields surprising payback
-15,0,0,14,4,6,48,Up to 22 inches of snow in forecast
17,0,3,0,22,3,6,Werder make 10-man Ajax pay price
-3,45,13,15,27,25,5,EU condemns 'illegal' CIA flights
-29,21,12,47,0,31,8,Report links humans to global warming
-29,22,8,10,11,15,13,UN nuclear watchdog slashes Iran aid
-55,7,23,10,6,43,18,Survey: Tech a tool in teen dating abuse
28,3,0,4,55,3,39,The breast cancer breakthrough saving 1000 women a year
-16,0,0,4,8,17,3,"Tourist spot resists gravity, but not progress"
32,0,0,0,28,0,9,The NFL's 20 biggest potential free agents
67,0,0,0,55,0,21,World tourism sets record in 2006
-33,17,9,11,0,15,23,BA to charge $470 for an extra bag
54,0,0,0,41,0,17,Kuerten returns to winners' circle
18,0,0,4,26,30,33,World's oldest newspaper now exists only online
-60,8,7,13,0,40,8,Japanese whaler afire in Antarctic
-78,12,0,60,0,28,19,EU document: Iranian bomb unstoppable
27,3,0,9,32,9,9,U.S. urged to lead on 'green' actions
-10,5,7,13,11,11,32,See if your city is one of the United States' top 10 fittest or fattest
-39,0,0,33,0,21,6,Lee in pre-World Cup injury scare
70,3,0,5,65,5,42,New cancer drug to save a thousand lives a year
-67,17,68,15,0,15,30,Ex-teacher guilty in nude-pictures scheme
-17,8,24,12,13,12,31,Fire extinguisher part of Tennessee execution kit
45,0,0,0,38,0,23,Founder returns to Dell helm
49,0,0,0,43,0,16,Charles Gibson takes over first place
-74,24,9,14,0,61,25,Ex-Border Patrol agent beaten in prison
-47,30,22,0,0,10,19,'Made in China' irks some Burberry shoppers
39,0,0,0,17,0,55,Stonehenge workers' village found
3,0,0,0,3,0,11,Who is Prince Frederic von Anhalt?
-3,0,5,9,1,9,30,Latest food-fad -- 'space potatoes'
16,3,0,11,22,12,21,Ethiopia readies for millennium all its own
67,0,0,3,50,1,42,Good news for slackers: Naps may cut risk for heart problems
-16,5,0,9,0,26,22,Snowbirds shortening their Florida stays
24,0,0,10,33,6,12,Win a (concert) date with the Police
-31,2,0,37,4,11,11,"Snow begins, heavy accumulations expected"
4,0,0,30,35,29,18,"Jet flips in snowstorm, none dead"
-33,0,0,28,0,15,30,Frantic 911 call in Ryan O'Neal case
49,0,0,0,43,0,8,Durant's success trumps the Gators
-33,4,30,9,4,8,19,Scientist snoops in astronauts' journals
49,0,0,0,38,0,23,YouTube founders split $650M payout
44,0,0,1,35,1,12,African nation hopes Whoopi can help
30,0,0,2,29,2,7,United hang on to six-point lead
-47,3,0,9,0,42,11,Lawyer seizes Smith's Bahamas home
-8,0,7,11,7,4,28,Was Prince's super show too revealing?
-26,0,0,6,4,33,18,Clijsters looks for a long goodbye
-34,2,2,29,0,15,40,Snow's too deep even for snowmobiles
15,0,0,0,5,0,39,Study: Female seals picky about mates
-60,42,3,35,0,20,18,"ROUNDUP: Protests erupt despite ""state of siege"" In Guinea"
-91,35,64,44,0,28,12,Study: More kids exposed to online porn
30,0,4,2,26,5,2,Beyonce new SI bikini cover girl
34,0,0,9,33,12,67,"Marijuana helps ease HIV nerve pain, study says"
-44,0,0,3,0,36,11,Serena misses Bangalore tournament
-77,10,3,11,0,74,25,"Dryer blamed for fire killing 39 cats, dogs"
27,0,0,0,27,0,7,"Roddick, Murray score in San Jose"
20,12,0,0,32,6,10,Apple trademark dispute settled
-19,0,5,6,1,21,18,U.S. online love brokers eye China
-27,30,0,28,15,20,17,U.S. diverts troops to fight Taliban
-73,0,0,7,0,81,7,'House of Cards' actor Ian Richardson dead
-22,3,0,22,29,53,14,Taliban leader killed in airstrike
41,0,0,0,34,0,24,Escape to Prague without the summer hordes
4,2,2,12,4,15,77,Kathmandu: First snow in 63 years
-50,0,1,3,0,41,12,Nasdaq fails in bid for LSE
-72,5,6,12,0,73,44,Ex-pastor gets death sentence
31,0,0,11,34,13,57,Baby born on turnpike after dad misses exit
19,0,0,0,14,0,43,Study links chimps and 'hammers'
44,10,6,14,41,17,31,UN-Google Earth map climate change
